2048,8,2,IJPEG.DAT
0.755374,
2048,8,2,GO.DAT
1.049180,
2048,8,2,LI.DAT
0.912085,
2048,8,2,MGRID.DAT
0.911642,
2048,8,2,SWIM.DAT
0.758609,
2048,8,2,VORTEX.DAT
0.880327,
2048,8,2,APPLU.DAT
0.833363,
2048,8,2,CC1.DAT
0.960657,
2048,8,2,HYDRO2D.DAT
0.788684,
2048,8,2,M88KSIM.DAT
0.601610,
2048,8,2,TOMCATV.DAT
0.745178,
2048,8,2,APSI.DAT
0.948759,
2048,8,2,compress95.dat
0.648796,
2048,8,2,FPPPP.DAT
0.681690,
2048,8,2,PERL.DAT
0.806452,
2048,8,2,SU2COR.DAT
0.714970,
2048,8,2,TURB3D.DAT
0.824938,
2048,8,4,IJPEG.DAT
0.776241,
2048,8,4,GO.DAT
1.770492,
2048,8,4,LI.DAT
1.182123,
2048,8,4,MGRID.DAT
0.941031,
2048,8,4,SWIM.DAT
0.854967,
2048,8,4,VORTEX.DAT
0.997546,
2048,8,4,APPLU.DAT
0.973606,
2048,8,4,CC1.DAT
1.005489,
2048,8,4,HYDRO2D.DAT
0.819680,
2048,8,4,M88KSIM.DAT
0.615614,
2048,8,4,TOMCATV.DAT
1.012530,
2048,8,4,APSI.DAT
1.032689,
2048,8,4,compress95.dat
0.677419,
2048,8,4,FPPPP.DAT
0.933811,
2048,8,4,PERL.DAT
0.928795,
2048,8,4,SU2COR.DAT
0.899207,
2048,8,4,TURB3D.DAT
1.014444,
2048,8,8,IJPEG.DAT
0.996229,
2048,8,8,GO.DAT
2.950820,
2048,8,8,LI.DAT
1.447912,
2048,8,8,MGRID.DAT
1.031665,
2048,8,8,SWIM.DAT
1.198013,
2048,8,8,VORTEX.DAT
1.137751,
2048,8,8,APPLU.DAT
1.096428,
2048,8,8,CC1.DAT
1.273795,
2048,8,8,HYDRO2D.DAT
1.143173,
2048,8,8,M88KSIM.DAT
0.696201,
2048,8,8,TOMCATV.DAT
1.096720,
2048,8,8,APSI.DAT
1.366835,
2048,8,8,compress95.dat
0.845070,
2048,8,8,FPPPP.DAT
1.212710,
2048,8,8,PERL.DAT
1.169721,
2048,8,8,SU2COR.DAT
1.096993,
2048,8,8,TURB3D.DAT
1.169394,
2048,8,16,IJPEG.DAT
1.368322,
2048,8,16,GO.DAT
1.688525,
2048,8,16,LI.DAT
1.887578,
2048,8,16,MGRID.DAT
1.335229,
2048,8,16,SWIM.DAT
1.717219,
2048,8,16,VORTEX.DAT
1.509611,
2048,8,16,APPLU.DAT
1.332043,
2048,8,16,CC1.DAT
1.655439,
2048,8,16,HYDRO2D.DAT
1.363838,
2048,8,16,M88KSIM.DAT
1.148055,
2048,8,16,TOMCATV.DAT
1.422498,
2048,8,16,APSI.DAT
1.605421,
2048,8,16,compress95.dat
1.266924,
2048,8,16,FPPPP.DAT
1.489911,
2048,8,16,PERL.DAT
1.443740,
2048,8,16,SU2COR.DAT
1.485955,
2048,8,16,TURB3D.DAT
1.788189,
2048,16,2,IJPEG.DAT
0.881584,
2048,16,2,GO.DAT
1.081967,
2048,16,2,LI.DAT
0.967722,
2048,16,2,MGRID.DAT
1.054418,
2048,16,2,SWIM.DAT
0.893377,
2048,16,2,VORTEX.DAT
0.945767,
2048,16,2,APPLU.DAT
0.942460,
2048,16,2,CC1.DAT
0.992979,
2048,16,2,HYDRO2D.DAT
0.881673,
2048,16,2,M88KSIM.DAT
0.732520,
2048,16,2,TOMCATV.DAT
0.870477,
2048,16,2,APSI.DAT
0.983060,
2048,16,2,compress95.dat
0.830077,
2048,16,2,FPPPP.DAT
0.841033,
2048,16,2,PERL.DAT
0.900300,
2048,16,2,SU2COR.DAT
0.853767,
2048,16,2,TURB3D.DAT
0.927324,
2048,16,4,IJPEG.DAT
0.907102,
2048,16,4,GO.DAT
1.819672,
2048,16,4,LI.DAT
1.231777,
2048,16,4,MGRID.DAT
1.094805,
2048,16,4,SWIM.DAT
0.983940,
2048,16,4,VORTEX.DAT
1.074683,
2048,16,4,APPLU.DAT
1.115256,
2048,16,4,CC1.DAT
1.042536,
2048,16,4,HYDRO2D.DAT
0.915621,
2048,16,4,M88KSIM.DAT
0.748716,
2048,16,4,TOMCATV.DAT
1.110376,
2048,16,4,APSI.DAT
1.064774,
2048,16,4,compress95.dat
0.859155,
2048,16,4,FPPPP.DAT
1.081841,
2048,16,4,PERL.DAT
1.013865,
2048,16,4,SU2COR.DAT
1.025281,
2048,16,4,TURB3D.DAT
1.085108,
2048,16,8,IJPEG.DAT
1.107857,
2048,16,8,GO.DAT
2.868852,
2048,16,8,LI.DAT
1.576032,
2048,16,8,MGRID.DAT
1.172545,
2048,16,8,SWIM.DAT
1.316887,
2048,16,8,VORTEX.DAT
1.217832,
2048,16,8,APPLU.DAT
1.232975,
2048,16,8,CC1.DAT
1.296599,
2048,16,8,HYDRO2D.DAT
1.293481,
2048,16,8,M88KSIM.DAT
0.828485,
2048,16,8,TOMCATV.DAT
1.178939,
2048,16,8,APSI.DAT
1.380295,
2048,16,8,compress95.dat
1.018401,
2048,16,8,FPPPP.DAT
1.374505,
2048,16,8,PERL.DAT
1.197729,
2048,16,8,SU2COR.DAT
1.238929,
2048,16,8,TURB3D.DAT
1.208794,
2048,16,16,IJPEG.DAT
1.395977,
2048,16,16,GO.DAT
1.770492,
2048,16,16,LI.DAT
1.908155,
2048,16,16,MGRID.DAT
1.371445,
2048,16,16,SWIM.DAT
1.746192,
2048,16,16,VORTEX.DAT
1.621595,
2048,16,16,APPLU.DAT
1.374978,
2048,16,16,CC1.DAT
1.881352,
2048,16,16,HYDRO2D.DAT
1.454244,
2048,16,16,M88KSIM.DAT
1.156137,
2048,16,16,TOMCATV.DAT
1.482754,
2048,16,16,APSI.DAT
1.759473,
2048,16,16,compress95.dat
1.294184,
2048,16,16,FPPPP.DAT
1.544786,
2048,16,16,PERL.DAT
1.397339,
2048,16,16,SU2COR.DAT
1.512393,
2048,16,16,TURB3D.DAT
1.847061,
2048,32,2,IJPEG.DAT
0.944437,
2048,32,2,GO.DAT
1.114754,
2048,32,2,LI.DAT
0.992968,
2048,32,2,MGRID.DAT
1.132347,
2048,32,2,SWIM.DAT
0.969536,
2048,32,2,VORTEX.DAT
0.965808,
2048,32,2,APPLU.DAT
0.998416,
2048,32,2,CC1.DAT
1.011682,
2048,32,2,HYDRO2D.DAT
0.943542,
2048,32,2,M88KSIM.DAT
0.864542,
2048,32,2,TOMCATV.DAT
0.939321,
2048,32,2,APSI.DAT
1.026976,
2048,32,2,compress95.dat
0.916174,
2048,32,2,FPPPP.DAT
0.919102,
2048,32,2,PERL.DAT
0.951926,
2048,32,2,SU2COR.DAT
0.923331,
2048,32,2,TURB3D.DAT
0.979431,
2048,32,4,IJPEG.DAT
0.976493,
2048,32,4,GO.DAT
1.967213,
2048,32,4,LI.DAT
1.295616,
2048,32,4,MGRID.DAT
1.169511,
2048,32,4,SWIM.DAT
1.076490,
2048,32,4,VORTEX.DAT
1.124254,
2048,32,4,APPLU.DAT
1.124406,
2048,32,4,CC1.DAT
1.079963,
2048,32,4,HYDRO2D.DAT
0.986224,
2048,32,4,M88KSIM.DAT
0.879789,
2048,32,4,TOMCATV.DAT
1.126144,
2048,32,4,APSI.DAT
1.055233,
2048,32,4,compress95.dat
0.937301,
2048,32,4,FPPPP.DAT
1.132378,
2048,32,4,PERL.DAT
1.065492,
2048,32,4,SU2COR.DAT
1.047257,
2048,32,4,TURB3D.DAT
1.116373,
2048,32,8,IJPEG.DAT
1.170585,
2048,32,8,GO.DAT
3.000000,
2048,32,8,LI.DAT
1.539371,
2048,32,8,MGRID.DAT
1.209329,
2048,32,8,SWIM.DAT
1.407119,
2048,32,8,VORTEX.DAT
1.264213,
2048,32,8,APPLU.DAT
1.261834,
2048,32,8,CC1.DAT
1.508771,
2048,32,8,HYDRO2D.DAT
1.345264,
2048,32,8,M88KSIM.DAT
0.932795,
2048,32,8,TOMCATV.DAT
1.222160,
2048,32,8,APSI.DAT
1.387492,
2048,32,8,compress95.dat
1.062244,
2048,32,8,FPPPP.DAT
1.453894,
2048,32,8,PERL.DAT
1.215704,
2048,32,8,SU2COR.DAT
1.260079,
2048,32,8,TURB3D.DAT
1.289149,
2048,32,16,IJPEG.DAT
1.404525,
2048,32,16,GO.DAT
1.819672,
2048,32,16,LI.DAT
1.873061,
2048,32,16,MGRID.DAT
1.330679,
2048,32,16,SWIM.DAT
1.777483,
2048,32,16,VORTEX.DAT
1.706339,
2048,32,16,APPLU.DAT
1.298434,
2048,32,16,CC1.DAT
1.899128,
2048,32,16,HYDRO2D.DAT
1.394588,
2048,32,16,M88KSIM.DAT
1.187547,
2048,32,16,TOMCATV.DAT
1.406307,
2048,32,16,APSI.DAT
1.869719,
2048,32,16,compress95.dat
1.264425,
2048,32,16,FPPPP.DAT
1.552895,
2048,32,16,PERL.DAT
1.401379,
2048,32,16,SU2COR.DAT
1.564442,
2048,32,16,TURB3D.DAT
1.918365,
2048,64,2,IJPEG.DAT
0.974230,
2048,64,2,GO.DAT
1.114754,
2048,64,2,LI.DAT
1.017618,
2048,64,2,MGRID.DAT
1.145620,
2048,64,2,SWIM.DAT
1.003973,
2048,64,2,VORTEX.DAT
0.971207,
2048,64,2,APPLU.DAT
1.013725,
2048,64,2,CC1.DAT
1.007486,
2048,64,2,HYDRO2D.DAT
0.972694,
2048,64,2,M88KSIM.DAT
0.934856,
2048,64,2,TOMCATV.DAT
0.970857,
2048,64,2,APSI.DAT
1.031810,
2048,64,2,compress95.dat
0.951386,
2048,64,2,FPPPP.DAT
0.957948,
2048,64,2,PERL.DAT
0.988156,
2048,64,2,SU2COR.DAT
0.958857,
2048,64,2,TURB3D.DAT
1.019106,
2048,64,4,IJPEG.DAT
1.009554,
2048,64,4,GO.DAT
2.081967,
2048,64,4,LI.DAT
1.328380,
2048,64,4,MGRID.DAT
1.206864,
2048,64,4,SWIM.DAT
1.066722,
2048,64,4,VORTEX.DAT
1.130798,
2048,64,4,APPLU.DAT
1.159775,
2048,64,4,CC1.DAT
1.079139,
2048,64,4,HYDRO2D.DAT
1.028905,
2048,64,4,M88KSIM.DAT
0.945555,
2048,64,4,TOMCATV.DAT
1.096438,
2048,64,4,APSI.DAT
1.061386,
2048,64,4,compress95.dat
0.986824,
2048,64,4,FPPPP.DAT
1.086555,
2048,64,4,PERL.DAT
1.093221,
2048,64,4,SU2COR.DAT
1.065929,
2048,64,4,TURB3D.DAT
1.154219,
2048,64,8,IJPEG.DAT
1.192835,
2048,64,8,GO.DAT
2.852459,
2048,64,8,LI.DAT
1.476636,
2048,64,8,MGRID.DAT
1.176906,
2048,64,8,SWIM.DAT
1.360265,
2048,64,8,VORTEX.DAT
1.210307,
2048,64,8,APPLU.DAT
1.245469,
2048,64,8,CC1.DAT
1.277597,
2048,64,8,HYDRO2D.DAT
1.288069,
2048,64,8,M88KSIM.DAT
1.002683,
2048,64,8,TOMCATV.DAT
1.167957,
2048,64,8,APSI.DAT
1.479553,
2048,64,8,compress95.dat
1.168560,
2048,64,8,FPPPP.DAT
1.473317,
2048,64,8,PERL.DAT
1.316450,
2048,64,8,SU2COR.DAT
1.231659,
2048,64,8,TURB3D.DAT
1.314745,
2048,64,16,IJPEG.DAT
1.410685,
2048,64,16,GO.DAT
1.918033,
2048,64,16,LI.DAT
1.821166,
2048,64,16,MGRID.DAT
1.242131,
2048,64,16,SWIM.DAT
1.835099,
2048,64,16,VORTEX.DAT
1.850470,
2048,64,16,APPLU.DAT
1.182826,
2048,64,16,CC1.DAT
1.862278,
2048,64,16,HYDRO2D.DAT
1.419803,
2048,64,16,M88KSIM.DAT
1.203939,
2048,64,16,TOMCATV.DAT
1.301563,
2048,64,16,APSI.DAT
1.720612,
2048,64,16,compress95.dat
1.256020,
2048,64,16,FPPPP.DAT
1.518009,
2048,64,16,PERL.DAT
1.519264,
2048,64,16,SU2COR.DAT
1.376239,
2048,64,16,TURB3D.DAT
2.038578,
2048,128,2,IJPEG.DAT
0.987681,
2048,128,2,GO.DAT
1.163934,
2048,128,2,LI.DAT
1.003930,
2048,128,2,MGRID.DAT
1.106371,
2048,128,2,SWIM.DAT
1.025662,
2048,128,2,VORTEX.DAT
0.962863,
2048,128,2,APPLU.DAT
1.008798,
2048,128,2,CC1.DAT
0.995948,
2048,128,2,HYDRO2D.DAT
0.985609,
2048,128,2,M88KSIM.DAT
0.970618,
2048,128,2,TOMCATV.DAT
0.987048,
2048,128,2,APSI.DAT
1.024833,
2048,128,2,compress95.dat
0.973876,
2048,128,2,FPPPP.DAT
0.975297,
2048,128,2,PERL.DAT
1.015397,
2048,128,2,SU2COR.DAT
0.975380,
2048,128,2,TURB3D.DAT
1.033275,
2048,128,4,IJPEG.DAT
1.032432,
2048,128,4,GO.DAT
2.131148,
2048,128,4,LI.DAT
1.400113,
2048,128,4,MGRID.DAT
0.995260,
2048,128,4,SWIM.DAT
1.084603,
2048,128,4,VORTEX.DAT
1.108793,
2048,128,4,APPLU.DAT
1.017244,
2048,128,4,CC1.DAT
1.081959,
2048,128,4,HYDRO2D.DAT
1.066667,
2048,128,4,M88KSIM.DAT
0.982004,
2048,128,4,TOMCATV.DAT
1.031677,
2048,128,4,APSI.DAT
1.077667,
2048,128,4,compress95.dat
0.988869,
2048,128,4,FPPPP.DAT
0.993589,
2048,128,4,PERL.DAT
1.110848,
2048,128,4,SU2COR.DAT
0.990747,
2048,128,4,TURB3D.DAT
1.121218,
2048,128,8,IJPEG.DAT
1.216342,
2048,128,8,GO.DAT
2.967213,
2048,128,8,LI.DAT
1.561140,
2048,128,8,MGRID.DAT
1.058400,
2048,128,8,SWIM.DAT
1.372351,
2048,128,8,VORTEX.DAT
1.257014,
2048,128,8,APPLU.DAT
1.214147,
2048,128,8,CC1.DAT
1.241106,
2048,128,8,HYDRO2D.DAT
1.256089,
2048,128,8,M88KSIM.DAT
1.026797,
2048,128,8,TOMCATV.DAT
1.086583,
2048,128,8,APSI.DAT
1.430583,
2048,128,8,compress95.dat
1.164698,
2048,128,8,FPPPP.DAT
1.487271,
2048,128,8,PERL.DAT
1.331917,
2048,128,8,SU2COR.DAT
1.259253,
2048,128,8,TURB3D.DAT
1.285584,
2048,128,16,IJPEG.DAT
1.361031,
2048,128,16,GO.DAT
2.000000,
2048,128,16,LI.DAT
1.995121,
2048,128,16,MGRID.DAT
1.199659,
2048,128,16,SWIM.DAT
1.832947,
2048,128,16,VORTEX.DAT
1.687853,
2048,128,16,APPLU.DAT
1.144114,
2048,128,16,CC1.DAT
1.550026,
2048,128,16,HYDRO2D.DAT
1.387331,
2048,128,16,M88KSIM.DAT
1.271178,
2048,128,16,TOMCATV.DAT
1.342672,
2048,128,16,APSI.DAT
1.785166,
2048,128,16,compress95.dat
1.260791,
2048,128,16,FPPPP.DAT
1.491420,
2048,128,16,PERL.DAT
1.553125,
2048,128,16,SU2COR.DAT
1.355089,
2048,128,16,TURB3D.DAT
2.027791,
4096,8,2,IJPEG.DAT
0.775864,
4096,8,2,GO.DAT
1.049180,
4096,8,2,LI.DAT
0.885580,
4096,8,2,MGRID.DAT
0.694160,
4096,8,2,SWIM.DAT
0.716060,
4096,8,2,VORTEX.DAT
0.919100,
4096,8,2,APPLU.DAT
0.745205,
4096,8,2,CC1.DAT
0.976574,
4096,8,2,HYDRO2D.DAT
0.746986,
4096,8,2,M88KSIM.DAT
0.609332,
4096,8,2,TOMCATV.DAT
0.731663,
4096,8,2,APSI.DAT
1.010457,
4096,8,2,compress95.dat
0.649932,
4096,8,2,FPPPP.DAT
0.680181,
4096,8,2,PERL.DAT
0.831533,
4096,8,2,SU2COR.DAT
0.728354,
4096,8,2,TURB3D.DAT
0.819453,
4096,8,4,IJPEG.DAT
0.813576,
4096,8,4,GO.DAT
1.672131,
4096,8,4,LI.DAT
1.030733,
4096,8,4,MGRID.DAT
0.955442,
4096,8,4,SWIM.DAT
0.801159,
4096,8,4,VORTEX.DAT
0.971452,
4096,8,4,APPLU.DAT
1.017772,
4096,8,4,CC1.DAT
1.034149,
4096,8,4,HYDRO2D.DAT
0.897909,
4096,8,4,M88KSIM.DAT
0.644308,
4096,8,4,TOMCATV.DAT
0.842883,
4096,8,4,APSI.DAT
1.051241,
4096,8,4,compress95.dat
0.746933,
4096,8,4,FPPPP.DAT
0.709598,
4096,8,4,PERL.DAT
0.863931,
4096,8,4,SU2COR.DAT
0.731989,
4096,8,4,TURB3D.DAT
0.857300,
4096,8,8,IJPEG.DAT
0.858705,
4096,8,8,GO.DAT
3.081967,
4096,8,8,LI.DAT
1.479230,
4096,8,8,MGRID.DAT
0.980470,
4096,8,8,SWIM.DAT
1.013907,
4096,8,8,VORTEX.DAT
1.218078,
4096,8,8,APPLU.DAT
1.054373,
4096,8,8,CC1.DAT
1.162638,
4096,8,8,HYDRO2D.DAT
1.000369,
4096,8,8,M88KSIM.DAT
0.717043,
4096,8,8,TOMCATV.DAT
1.153316,
4096,8,8,APSI.DAT
1.148155,
4096,8,8,compress95.dat
0.812812,
4096,8,8,FPPPP.DAT
0.977183,
4096,8,8,PERL.DAT
1.061869,
4096,8,8,SU2COR.DAT
1.055354,
4096,8,8,TURB3D.DAT
1.166194,
4096,8,16,IJPEG.DAT
1.864613,
4096,8,16,GO.DAT
5.573771,
4096,8,16,LI.DAT
1.860620,
4096,8,16,MGRID.DAT
1.406902,
4096,8,16,SWIM.DAT
1.573841,
4096,8,16,VORTEX.DAT
1.544867,
4096,8,16,APPLU.DAT
1.432694,
4096,8,16,CC1.DAT
1.820038,
4096,8,16,HYDRO2D.DAT
1.486716,
4096,8,16,M88KSIM.DAT
1.204528,
4096,8,16,TOMCATV.DAT
1.542306,
4096,8,16,APSI.DAT
1.871587,
4096,8,16,compress95.dat
1.321899,
4096,8,16,FPPPP.DAT
1.581180,
4096,8,16,PERL.DAT
1.630043,
4096,8,16,SU2COR.DAT
1.539326,
4096,8,16,TURB3D.DAT
1.568425,
4096,16,2,IJPEG.DAT
0.883847,
4096,16,2,GO.DAT
1.081967,
4096,16,2,LI.DAT
0.941449,
4096,16,2,MGRID.DAT
0.851157,
4096,16,2,SWIM.DAT
0.854967,
4096,16,2,VORTEX.DAT
0.971288,
4096,16,2,APPLU.DAT
0.891783,
4096,16,2,CC1.DAT
1.013092,
4096,16,2,HYDRO2D.DAT
0.852030,
4096,16,2,M88KSIM.DAT
0.742597,
4096,16,2,TOMCATV.DAT
0.854568,
4096,16,2,APSI.DAT
1.030125,
4096,16,2,compress95.dat
0.830304,
4096,16,2,FPPPP.DAT
0.837262,
4096,16,2,PERL.DAT
0.928795,
4096,16,2,SU2COR.DAT
0.865003,
4096,16,2,TURB3D.DAT
0.903647,
4096,16,4,IJPEG.DAT
0.926713,
4096,16,4,GO.DAT
1.704918,
4096,16,4,LI.DAT
1.063298,
4096,16,4,MGRID.DAT
1.113766,
4096,16,4,SWIM.DAT
0.943212,
4096,16,4,VORTEX.DAT
1.038937,
4096,16,4,APPLU.DAT
1.167517,
4096,16,4,CC1.DAT
1.069087,
4096,16,4,HYDRO2D.DAT
0.987823,
4096,16,4,M88KSIM.DAT
0.770507,
4096,16,4,TOMCATV.DAT
0.964100,
4096,16,4,APSI.DAT
1.070158,
4096,16,4,compress95.dat
0.936620,
4096,16,4,FPPPP.DAT
0.867811,
4096,16,4,PERL.DAT
0.963631,
4096,16,4,SU2COR.DAT
0.870126,
4096,16,4,TURB3D.DAT
0.969650,
4096,16,8,IJPEG.DAT
0.973224,
4096,16,8,GO.DAT
3.131148,
4096,16,8,LI.DAT
1.519799,
4096,16,8,MGRID.DAT
1.142397,
4096,16,8,SWIM.DAT
1.142550,
4096,16,8,VORTEX.DAT
1.250389,
4096,16,8,APPLU.DAT
1.199718,
4096,16,8,CC1.DAT
1.191455,
4096,16,8,HYDRO2D.DAT
1.100984,
4096,16,8,M88KSIM.DAT
0.820666,
4096,16,8,TOMCATV.DAT
1.270027,
4096,16,8,APSI.DAT
1.162787,
4096,16,8,compress95.dat
0.979328,
4096,16,8,FPPPP.DAT
1.132378,
4096,16,8,PERL.DAT
1.131471,
4096,16,8,SU2COR.DAT
1.164243,
4096,16,8,TURB3D.DAT
1.269129,
4096,16,16,IJPEG.DAT
1.901948,
4096,16,16,GO.DAT
5.491803,
4096,16,16,LI.DAT
1.877576,
4096,16,16,MGRID.DAT
1.460940,
4096,16,16,SWIM.DAT
1.635430,
4096,16,16,VORTEX.DAT
1.584376,
4096,16,16,APPLU.DAT
1.489706,
4096,16,16,CC1.DAT
1.717872,
4096,16,16,HYDRO2D.DAT
1.520418,
4096,16,16,M88KSIM.DAT
1.216994,
4096,16,16,TOMCATV.DAT
1.563705,
4096,16,16,APSI.DAT
1.996868,
4096,16,16,compress95.dat
1.388005,
4096,16,16,FPPPP.DAT
1.677352,
4096,16,16,PERL.DAT
1.563018,
4096,16,16,SU2COR.DAT
1.608229,
4096,16,16,TURB3D.DAT
1.608008,
4096,32,2,IJPEG.DAT
0.938781,
4096,32,2,GO.DAT
1.114754,
4096,32,2,LI.DAT
0.990330,
4096,32,2,MGRID.DAT
0.928328,
4096,32,2,SWIM.DAT
0.925828,
4096,32,2,VORTEX.DAT
0.975706,
4096,32,2,APPLU.DAT
0.964279,
4096,32,2,CC1.DAT
1.031553,
4096,32,2,HYDRO2D.DAT
0.922878,
4096,32,2,M88KSIM.DAT
0.876550,
4096,32,2,TOMCATV.DAT
0.915388,
4096,32,2,APSI.DAT
1.076623,
4096,32,2,compress95.dat
0.918219,
4096,32,2,FPPPP.DAT
0.915708,
4096,32,2,PERL.DAT
0.987807,
4096,32,2,SU2COR.DAT
0.932750,
4096,32,2,TURB3D.DAT
0.946339,
4096,32,4,IJPEG.DAT
0.987681,
4096,32,4,GO.DAT
1.737705,
4096,32,4,LI.DAT
1.095389,
4096,32,4,MGRID.DAT
1.191506,
4096,32,4,SWIM.DAT
1.045695,
4096,32,4,VORTEX.DAT
1.086789,
4096,32,4,APPLU.DAT
1.244765,
4096,32,4,CC1.DAT
1.100747,
4096,32,4,HYDRO2D.DAT
1.043542,
4096,32,4,M88KSIM.DAT
0.898341,
4096,32,4,TOMCATV.DAT
1.022526,
4096,32,4,APSI.DAT
1.108763,
4096,32,4,compress95.dat
0.996820,
4096,32,4,FPPPP.DAT
0.946634,
4096,32,4,PERL.DAT
1.030098,
4096,32,4,SU2COR.DAT
0.939359,
4096,32,4,TURB3D.DAT
1.073224,
4096,32,8,IJPEG.DAT
1.034695,
4096,32,8,GO.DAT
3.278688,
4096,32,8,LI.DAT
1.582766,
4096,32,8,MGRID.DAT
1.227721,
4096,32,8,SWIM.DAT
1.212583,
4096,32,8,VORTEX.DAT
1.295951,
4096,32,8,APPLU.DAT
1.274503,
4096,32,8,CC1.DAT
1.270957,
4096,32,8,HYDRO2D.DAT
1.119680,
4096,32,8,M88KSIM.DAT
0.931224,
4096,32,8,TOMCATV.DAT
1.328593,
4096,32,8,APSI.DAT
1.216940,
4096,32,8,compress95.dat
1.047933,
4096,32,8,FPPPP.DAT
1.198755,
4096,32,8,PERL.DAT
1.219884,
4096,32,8,SU2COR.DAT
1.191011,
4096,32,8,TURB3D.DAT
1.318128,
4096,32,16,IJPEG.DAT
1.902074,
4096,32,16,GO.DAT
5.622951,
4096,32,16,LI.DAT
1.891574,
4096,32,16,MGRID.DAT
1.483314,
4096,32,16,SWIM.DAT
1.684603,
4096,32,16,VORTEX.DAT
1.565726,
4096,32,16,APPLU.DAT
1.530882,
4096,32,16,CC1.DAT
2.106370,
4096,32,16,HYDRO2D.DAT
1.577983,
4096,32,16,M88KSIM.DAT
1.202762,
4096,32,16,TOMCATV.DAT
1.551880,
4096,32,16,APSI.DAT
1.872997,
4096,32,16,compress95.dat
1.403226,
4096,32,16,FPPPP.DAT
1.725061,
4096,32,16,PERL.DAT
1.577510,
4096,32,16,SU2COR.DAT
1.664574,
4096,32,16,TURB3D.DAT
1.644300,
4096,64,2,IJPEG.DAT
0.967693,
4096,64,2,GO.DAT
1.147541,
4096,64,2,LI.DAT
1.003279,
4096,64,2,MGRID.DAT
0.967577,
4096,64,2,SWIM.DAT
0.960596,
4096,64,2,VORTEX.DAT
0.982086,
4096,64,2,APPLU.DAT
1.000176,
4096,64,2,CC1.DAT
1.032314,
4096,64,2,HYDRO2D.DAT
0.958918,
4096,64,2,M88KSIM.DAT
0.950987,
4096,64,2,TOMCATV.DAT
0.956497,
4096,64,2,APSI.DAT
1.050600,
4096,64,2,compress95.dat
0.955702,
4096,64,2,FPPPP.DAT
0.955874,
4096,64,2,PERL.DAT
1.023479,
4096,64,2,SU2COR.DAT
0.967449,
4096,64,2,TURB3D.DAT
0.967090,
4096,64,4,IJPEG.DAT
1.026524,
4096,64,4,GO.DAT
1.770492,
4096,64,4,LI.DAT
1.110027,
4096,64,4,MGRID.DAT
1.228669,
4096,64,4,SWIM.DAT
1.100331,
4096,64,4,VORTEX.DAT
1.119836,
4096,64,4,APPLU.DAT
1.272391,
4096,64,4,CC1.DAT
1.107132,
4096,64,4,HYDRO2D.DAT
1.105412,
4096,64,4,M88KSIM.DAT
0.975002,
4096,64,4,TOMCATV.DAT
1.065747,
4096,64,4,APSI.DAT
1.116125,
4096,64,4,compress95.dat
1.045661,
4096,64,4,FPPPP.DAT
0.988120,
4096,64,4,PERL.DAT
1.068418,
4096,64,4,SU2COR.DAT
0.975876,
4096,64,4,TURB3D.DAT
1.159430,
4096,64,8,IJPEG.DAT
1.072282,
4096,64,8,GO.DAT
3.393443,
4096,64,8,LI.DAT
1.730381,
4096,64,8,MGRID.DAT
1.273606,
4096,64,8,SWIM.DAT
1.243874,
4096,64,8,VORTEX.DAT
1.276728,
4096,64,8,APPLU.DAT
1.263065,
4096,64,8,CC1.DAT
1.242261,
4096,64,8,HYDRO2D.DAT
1.204305,
4096,64,8,M88KSIM.DAT
1.001832,
4096,64,8,TOMCATV.DAT
1.329157,
4096,64,8,APSI.DAT
1.251003,
4096,64,8,compress95.dat
1.068151,
4096,64,8,FPPPP.DAT
1.181595,
4096,64,8,PERL.DAT
1.268167,
4096,64,8,SU2COR.DAT
1.215301,
4096,64,8,TURB3D.DAT
1.366395,
4096,64,16,IJPEG.DAT
1.883721,
4096,64,16,GO.DAT
5.475410,
4096,64,16,LI.DAT
1.916246,
4096,64,16,MGRID.DAT
1.479333,
4096,64,16,SWIM.DAT
1.680133,
4096,64,16,VORTEX.DAT
1.601063,
4096,64,16,APPLU.DAT
1.540384,
4096,64,16,CC1.DAT
1.996364,
4096,64,16,HYDRO2D.DAT
1.684379,
4096,64,16,M88KSIM.DAT
1.171318,
4096,64,16,TOMCATV.DAT
1.501337,
4096,64,16,APSI.DAT
1.966871,
4096,64,16,compress95.dat
1.455020,
4096,64,16,FPPPP.DAT
1.719970,
4096,64,16,PERL.DAT
1.601616,
4096,64,16,SU2COR.DAT
1.665400,
4096,64,16,TURB3D.DAT
1.655636,
4096,128,2,IJPEG.DAT
0.983155,
4096,128,2,GO.DAT
1.180328,
4096,128,2,LI.DAT
0.995297,
4096,128,2,MGRID.DAT
0.987107,
4096,128,2,SWIM.DAT
0.978642,
4096,128,2,VORTEX.DAT
0.981759,
4096,128,2,APPLU.DAT
1.022171,
4096,128,2,CC1.DAT
1.031351,
4096,128,2,HYDRO2D.DAT
0.977614,
4096,128,2,M88KSIM.DAT
0.975231,
4096,128,2,TOMCATV.DAT
0.977474,
4096,128,2,APSI.DAT
1.046369,
4096,128,2,compress95.dat
0.975239,
4096,128,2,FPPPP.DAT
0.976617,
4096,128,2,PERL.DAT
1.019717,
4096,128,2,SU2COR.DAT
0.984798,
4096,128,2,TURB3D.DAT
0.978974,
4096,128,4,IJPEG.DAT
1.054557,
4096,128,4,GO.DAT
1.803279,
4096,128,4,LI.DAT
1.122700,
4096,128,4,MGRID.DAT
1.242700,
4096,128,4,SWIM.DAT
1.092219,
4096,128,4,VORTEX.DAT
1.101186,
4096,128,4,APPLU.DAT
1.198487,
4096,128,4,CC1.DAT
1.126514,
4096,128,4,HYDRO2D.DAT
1.115375,
4096,128,4,M88KSIM.DAT
1.000589,
4096,128,4,TOMCATV.DAT
1.058426,
4096,128,4,APSI.DAT
1.092427,
4096,128,4,compress95.dat
1.037029,
4096,128,4,FPPPP.DAT
1.011691,
4096,128,4,PERL.DAT
1.095938,
4096,128,4,SU2COR.DAT
0.994878,
4096,128,4,TURB3D.DAT
1.205595,
4096,128,8,IJPEG.DAT
1.108611,
4096,128,8,GO.DAT
3.442623,
4096,128,8,LI.DAT
1.686964,
4096,128,8,MGRID.DAT
1.294463,
4096,128,8,SWIM.DAT
1.304470,
4096,128,8,VORTEX.DAT
1.290307,
4096,128,8,APPLU.DAT
1.305121,
4096,128,8,CC1.DAT
1.292918,
4096,128,8,HYDRO2D.DAT
1.271095,
4096,128,8,M88KSIM.DAT
1.039721,
4096,128,8,TOMCATV.DAT
1.265381,
4096,128,8,APSI.DAT
1.281183,
4096,128,8,compress95.dat
1.061336,
4096,128,8,FPPPP.DAT
1.153875,
4096,128,8,PERL.DAT
1.270327,
4096,128,8,SU2COR.DAT
1.227693,
4096,128,8,TURB3D.DAT
1.333029,
4096,128,16,IJPEG.DAT
1.887869,
4096,128,16,GO.DAT
5.590164,
4096,128,16,LI.DAT
1.837515,
4096,128,16,MGRID.DAT
1.228479,
4096,128,16,SWIM.DAT
1.688411,
4096,128,16,VORTEX.DAT
1.568834,
4096,128,16,APPLU.DAT
1.352279,
4096,128,16,CC1.DAT
1.592159,
4096,128,16,HYDRO2D.DAT
1.598647,
4096,128,16,M88KSIM.DAT
1.166509,
4096,128,16,TOMCATV.DAT
1.477122,
4096,128,16,APSI.DAT
2.229375,
4096,128,16,compress95.dat
1.417083,
4096,128,16,FPPPP.DAT
1.655289,
4096,128,16,PERL.DAT
1.804570,
4096,128,16,SU2COR.DAT
1.642763,
4096,128,16,TURB3D.DAT
1.662949,
8192,8,2,IJPEG.DAT
0.936015,
8192,8,2,GO.DAT
0.639344,
8192,8,2,LI.DAT
0.892788,
8192,8,2,MGRID.DAT
0.700417,
8192,8,2,SWIM.DAT
0.722848,
8192,8,2,VORTEX.DAT
0.941432,
8192,8,2,APPLU.DAT
0.743269,
8192,8,2,CC1.DAT
0.957155,
8192,8,2,HYDRO2D.DAT
0.746125,
8192,8,2,M88KSIM.DAT
0.600137,
8192,8,2,TOMCATV.DAT
0.736590,
8192,8,2,APSI.DAT
1.023075,
8192,8,2,compress95.dat
0.735348,
8192,8,2,FPPPP.DAT
0.682444,
8192,8,2,PERL.DAT
0.794677,
8192,8,2,SU2COR.DAT
0.731494,
8192,8,2,TURB3D.DAT
0.819453,
8192,8,4,IJPEG.DAT
0.936392,
8192,8,4,GO.DAT
1.672131,
8192,8,4,LI.DAT
0.998035,
8192,8,4,MGRID.DAT
0.711035,
8192,8,4,SWIM.DAT
0.852649,
8192,8,4,VORTEX.DAT
1.062658,
8192,8,4,APPLU.DAT
0.752244,
8192,8,4,CC1.DAT
1.039249,
8192,8,4,HYDRO2D.DAT
0.761009,
8192,8,4,M88KSIM.DAT
0.668455,
8192,8,4,TOMCATV.DAT
0.840068,
8192,8,4,APSI.DAT
1.206043,
8192,8,4,compress95.dat
0.753294,
8192,8,4,FPPPP.DAT
0.820290,
8192,8,4,PERL.DAT
0.854874,
8192,8,4,SU2COR.DAT
0.872935,
8192,8,4,TURB3D.DAT
0.836640,
8192,8,8,IJPEG.DAT
1.024387,
8192,8,8,GO.DAT
2.918033,
8192,8,8,LI.DAT
1.243004,
8192,8,8,MGRID.DAT
0.994122,
8192,8,8,SWIM.DAT
1.123675,
8192,8,8,VORTEX.DAT
1.241472,
8192,8,8,APPLU.DAT
1.033609,
8192,8,8,CC1.DAT
1.227543,
8192,8,8,HYDRO2D.DAT
1.103321,
8192,8,8,M88KSIM.DAT
0.735268,
8192,8,8,TOMCATV.DAT
1.000141,
8192,8,8,APSI.DAT
1.198828,
8192,8,8,compress95.dat
0.801908,
8192,8,8,FPPPP.DAT
0.911748,
8192,8,8,PERL.DAT
0.977914,
8192,8,8,SU2COR.DAT
0.909121,
8192,8,8,TURB3D.DAT
0.974312,
8192,8,16,IJPEG.DAT
1.207668,
8192,8,16,GO.DAT
5.704918,
8192,8,16,LI.DAT
2.192787,
8192,8,16,MGRID.DAT
1.310580,
8192,8,16,SWIM.DAT
1.638576,
8192,8,16,VORTEX.DAT
1.605890,
8192,8,16,APPLU.DAT
1.357558,
8192,8,16,CC1.DAT
1.641599,
8192,8,16,HYDRO2D.DAT
1.597417,
8192,8,16,M88KSIM.DAT
1.169780,
8192,8,16,TOMCATV.DAT
1.461495,
8192,8,16,APSI.DAT
1.628221,
8192,8,16,compress95.dat
1.195820,
8192,8,16,FPPPP.DAT
1.334716,
8192,8,16,PERL.DAT
1.619870,
8192,8,16,SU2COR.DAT
1.393754,
8192,8,16,TURB3D.DAT
1.477557,
8192,16,2,IJPEG.DAT
1.027153,
8192,16,2,GO.DAT
0.737705,
8192,16,2,LI.DAT
0.928323,
8192,16,2,MGRID.DAT
0.855518,
8192,16,2,SWIM.DAT
0.857285,
8192,16,2,VORTEX.DAT
0.999018,
8192,16,2,APPLU.DAT
0.890375,
8192,16,2,CC1.DAT
0.987508,
8192,16,2,HYDRO2D.DAT
0.855351,
8192,16,2,M88KSIM.DAT
0.722017,
8192,16,2,TOMCATV.DAT
0.864987,
8192,16,2,APSI.DAT
1.036572,
8192,16,2,compress95.dat
0.922762,
8192,16,2,FPPPP.DAT
0.841976,
8192,16,2,PERL.DAT
0.885599,
8192,16,2,SU2COR.DAT
0.870291,
8192,16,2,TURB3D.DAT
0.905933,
8192,16,4,IJPEG.DAT
1.034444,
8192,16,4,GO.DAT
1.704918,
8192,16,4,LI.DAT
1.038206,
8192,16,4,MGRID.DAT
0.868980,
8192,16,4,SWIM.DAT
0.958113,
8192,16,4,VORTEX.DAT
1.128098,
8192,16,4,APPLU.DAT
0.899173,
8192,16,4,CC1.DAT
1.091707,
8192,16,4,HYDRO2D.DAT
0.871464,
8192,16,4,M88KSIM.DAT
0.790989,
8192,16,4,TOMCATV.DAT
0.945234,
8192,16,4,APSI.DAT
1.124824,
8192,16,4,compress95.dat
0.941163,
8192,16,4,FPPPP.DAT
0.949463,
8192,16,4,PERL.DAT
0.955549,
8192,16,4,SU2COR.DAT
0.988929,
8192,16,4,TURB3D.DAT
0.925039,
8192,16,8,IJPEG.DAT
1.138152,
8192,16,8,GO.DAT
2.950820,
8192,16,8,LI.DAT
1.327862,
8192,16,8,MGRID.DAT
1.153015,
8192,16,8,SWIM.DAT
1.260927,
8192,16,8,VORTEX.DAT
1.317791,
8192,16,8,APPLU.DAT
1.183706,
8192,16,8,CC1.DAT
1.253405,
8192,16,8,HYDRO2D.DAT
1.207626,
8192,16,8,M88KSIM.DAT
0.855381,
8192,16,8,TOMCATV.DAT
1.124736,
8192,16,8,APSI.DAT
1.201392,
8192,16,8,compress95.dat
0.996365,
8192,16,8,FPPPP.DAT
1.056383,
8192,16,8,PERL.DAT
1.061172,
8192,16,8,SU2COR.DAT
1.028751,
8192,16,8,TURB3D.DAT
1.072859,
8192,16,16,IJPEG.DAT
1.291892,
8192,16,16,GO.DAT
5.754098,
8192,16,16,LI.DAT
2.238953,
8192,16,16,MGRID.DAT
1.414486,
8192,16,16,SWIM.DAT
1.724503,
8192,16,16,VORTEX.DAT
1.706994,
8192,16,16,APPLU.DAT
1.449938,
8192,16,16,CC1.DAT
1.747069,
8192,16,16,HYDRO2D.DAT
1.640836,
8192,16,16,M88KSIM.DAT
1.231358,
8192,16,16,TOMCATV.DAT
1.531043,
8192,16,16,APSI.DAT
1.672228,
8192,16,16,compress95.dat
1.318719,
8192,16,16,FPPPP.DAT
1.437677,
8192,16,16,PERL.DAT
1.671219,
8192,16,16,SU2COR.DAT
1.472901,
8192,16,16,TURB3D.DAT
1.565774,
8192,32,2,IJPEG.DAT
1.048272,
8192,32,2,GO.DAT
0.770492,
8192,32,2,LI.DAT
0.958747,
8192,32,2,MGRID.DAT
0.931551,
8192,32,2,SWIM.DAT
0.925166,
8192,32,2,VORTEX.DAT
1.022331,
8192,32,2,APPLU.DAT
0.963224,
8192,32,2,CC1.DAT
1.002892,
8192,32,2,HYDRO2D.DAT
0.930627,
8192,32,2,M88KSIM.DAT
0.852403,
8192,32,2,TOMCATV.DAT
0.942137,
8192,32,2,APSI.DAT
1.033642,
8192,32,2,compress95.dat
1.017719,
8192,32,2,FPPPP.DAT
0.921554,
8192,32,2,PERL.DAT
0.930677,
8192,32,2,SU2COR.DAT
0.940350,
8192,32,2,TURB3D.DAT
0.949538,
8192,32,4,IJPEG.DAT
1.076430,
8192,32,4,GO.DAT
1.737705,
8192,32,4,LI.DAT
1.121640,
8192,32,4,MGRID.DAT
0.948805,
8192,32,4,SWIM.DAT
0.977318,
8192,32,4,VORTEX.DAT
1.159673,
8192,32,4,APPLU.DAT
0.972374,
8192,32,4,CC1.DAT
1.131207,
8192,32,4,HYDRO2D.DAT
0.946371,
8192,32,4,M88KSIM.DAT
0.912247,
8192,32,4,TOMCATV.DAT
1.005491,
8192,32,4,APSI.DAT
1.201520,
8192,32,4,compress95.dat
1.035893,
8192,32,4,FPPPP.DAT
1.003017,
8192,32,4,PERL.DAT
1.017627,
8192,32,4,SU2COR.DAT
1.048744,
8192,32,4,TURB3D.DAT
0.972484,
8192,32,8,IJPEG.DAT
1.198617,
8192,32,8,GO.DAT
2.983607,
8192,32,8,LI.DAT
1.609966,
8192,32,8,MGRID.DAT
1.229048,
8192,32,8,SWIM.DAT
1.341391,
8192,32,8,VORTEX.DAT
1.365153,
8192,32,8,APPLU.DAT
1.262361,
8192,32,8,CC1.DAT
1.295927,
8192,32,8,HYDRO2D.DAT
1.277368,
8192,32,8,M88KSIM.DAT
0.975068,
8192,32,8,TOMCATV.DAT
1.183444,
8192,32,8,APSI.DAT
1.263584,
8192,32,8,compress95.dat
1.096774,
8192,32,8,FPPPP.DAT
1.125401,
8192,32,8,PERL.DAT
1.155159,
8192,32,8,SU2COR.DAT
1.090549,
8192,32,8,TURB3D.DAT
1.168571,
8192,32,16,IJPEG.DAT
1.341672,
8192,32,16,GO.DAT
5.901639,
8192,32,16,LI.DAT
2.323799,
8192,32,16,MGRID.DAT
1.461320,
8192,32,16,SWIM.DAT
1.797351,
8192,32,16,VORTEX.DAT
1.702413,
8192,32,16,APPLU.DAT
1.494281,
8192,32,16,CC1.DAT
1.835790,
8192,32,16,HYDRO2D.DAT
1.674908,
8192,32,16,M88KSIM.DAT
1.241567,
8192,32,16,TOMCATV.DAT
1.563705,
8192,32,16,APSI.DAT
1.802088,
8192,32,16,compress95.dat
1.377783,
8192,32,16,FPPPP.DAT
1.474637,
8192,32,16,PERL.DAT
1.650178,
8192,32,16,SU2COR.DAT
1.510575,
8192,32,16,TURB3D.DAT
1.627663,
8192,64,2,IJPEG.DAT
1.035575,
8192,64,2,GO.DAT
0.819672,
8192,64,2,LI.DAT
0.975648,
8192,64,2,MGRID.DAT
0.970231,
8192,64,2,SWIM.DAT
0.959768,
8192,64,2,VORTEX.DAT
1.031575,
8192,64,2,APPLU.DAT
1.000000,
8192,64,2,CC1.DAT
1.005709,
8192,64,2,HYDRO2D.DAT
0.971956,
8192,64,2,M88KSIM.DAT
0.938422,
8192,64,2,TOMCATV.DAT
0.984514,
8192,64,2,APSI.DAT
1.008003,
8192,64,2,compress95.dat
1.065425,
8192,64,2,FPPPP.DAT
0.961343,
8192,64,2,PERL.DAT
0.957012,
8192,64,2,SU2COR.DAT
0.978024,
8192,64,2,TURB3D.DAT
0.972392,
8192,64,4,IJPEG.DAT
1.083218,
8192,64,4,GO.DAT
1.770492,
8192,64,4,LI.DAT
1.143928,
8192,64,4,MGRID.DAT
0.991468,
8192,64,4,SWIM.DAT
0.974007,
8192,64,4,VORTEX.DAT
1.106748,
8192,64,4,APPLU.DAT
1.010030,
8192,64,4,CC1.DAT
1.138290,
8192,64,4,HYDRO2D.DAT
0.987454,
8192,64,4,M88KSIM.DAT
0.992736,
8192,64,4,TOMCATV.DAT
1.032240,
8192,64,4,APSI.DAT
1.244318,
8192,64,4,compress95.dat
1.084734,
8192,64,4,FPPPP.DAT
1.019800,
8192,64,4,PERL.DAT
1.049815,
8192,64,4,SU2COR.DAT
1.081295,
8192,64,4,TURB3D.DAT
0.997166,
8192,64,8,IJPEG.DAT
1.228536,
8192,64,8,GO.DAT
3.016393,
8192,64,8,LI.DAT
1.555455,
8192,64,8,MGRID.DAT
1.273417,
8192,64,8,SWIM.DAT
1.303642,
8192,64,8,VORTEX.DAT
1.340123,
8192,64,8,APPLU.DAT
1.307056,
8192,64,8,CC1.DAT
1.434097,
8192,64,8,HYDRO2D.DAT
1.312054,
8192,64,8,M88KSIM.DAT
1.064653,
8192,64,8,TOMCATV.DAT
1.217232,
8192,64,8,APSI.DAT
1.292849,
8192,64,8,compress95.dat
1.154021,
8192,64,8,FPPPP.DAT
1.161229,
8192,64,8,PERL.DAT
1.160663,
8192,64,8,SU2COR.DAT
1.121447,
8192,64,8,TURB3D.DAT
1.276168,
8192,64,16,IJPEG.DAT
1.376619,
8192,64,16,GO.DAT
6.016394,
8192,64,16,LI.DAT
2.244351,
8192,64,16,MGRID.DAT
1.479522,
8192,64,16,SWIM.DAT
1.812252,
8192,64,16,VORTEX.DAT
1.756319,
8192,64,16,APPLU.DAT
1.508710,
8192,64,16,CC1.DAT
1.650473,
8192,64,16,HYDRO2D.DAT
1.713161,
8192,64,16,M88KSIM.DAT
1.229689,
8192,64,16,TOMCATV.DAT
1.599747,
8192,64,16,APSI.DAT
1.843403,
8192,64,16,compress95.dat
1.409814,
8192,64,16,FPPPP.DAT
1.490854,
8192,64,16,PERL.DAT
1.708354,
8192,64,16,SU2COR.DAT
1.526603,
8192,64,16,TURB3D.DAT
1.720176,
8192,128,2,IJPEG.DAT
1.035324,
8192,128,2,GO.DAT
0.852459,
8192,128,2,LI.DAT
0.982293,
8192,128,2,MGRID.DAT
0.989382,
8192,128,2,SWIM.DAT
0.978146,
8192,128,2,VORTEX.DAT
1.026585,
8192,128,2,APPLU.DAT
1.024987,
8192,128,2,CC1.DAT
1.006922,
8192,128,2,HYDRO2D.DAT
0.995941,
8192,128,2,M88KSIM.DAT
0.975624,
8192,128,2,TOMCATV.DAT
1.009855,
8192,128,2,APSI.DAT
1.005421,
8192,128,2,compress95.dat
1.089732,
8192,128,2,FPPPP.DAT
0.985480,
8192,128,2,PERL.DAT
0.975545,
8192,128,2,SU2COR.DAT
1.005618,
8192,128,2,TURB3D.DAT
0.984002,
8192,128,4,IJPEG.DAT
1.075047,
8192,128,4,GO.DAT
1.803279,
8192,128,4,LI.DAT
1.108305,
8192,128,4,MGRID.DAT
1.012325,
8192,128,4,SWIM.DAT
0.992881,
8192,128,4,VORTEX.DAT
1.081636,
8192,128,4,APPLU.DAT
1.035193,
8192,128,4,CC1.DAT
1.156455,
8192,128,4,HYDRO2D.DAT
1.014637,
8192,128,4,M88KSIM.DAT
1.029186,
8192,128,4,TOMCATV.DAT
1.046882,
8192,128,4,APSI.DAT
1.083802,
8192,128,4,compress95.dat
1.109041,
8192,128,4,FPPPP.DAT
1.022817,
8192,128,4,PERL.DAT
1.065492,
8192,128,4,SU2COR.DAT
1.098315,
8192,128,4,TURB3D.DAT
1.013072,
8192,128,8,IJPEG.DAT
1.224764,
8192,128,8,GO.DAT
3.049180,
8192,128,8,LI.DAT
1.576771,
8192,128,8,MGRID.DAT
1.285173,
8192,128,8,SWIM.DAT
1.298676,
8192,128,8,VORTEX.DAT
1.332188,
8192,128,8,APPLU.DAT
1.340489,
8192,128,8,CC1.DAT
1.362529,
8192,128,8,HYDRO2D.DAT
1.332472,
8192,128,8,M88KSIM.DAT
1.101103,
8192,128,8,TOMCATV.DAT
1.220752,
8192,128,8,APSI.DAT
1.259647,
8192,128,8,compress95.dat
1.184462,
8192,128,8,FPPPP.DAT
1.175561,
8192,128,8,PERL.DAT
1.169442,
8192,128,8,SU2COR.DAT
1.135327,
8192,128,8,TURB3D.DAT
1.367949,
8192,128,16,IJPEG.DAT
1.368196,
8192,128,16,GO.DAT
6.065574,
8192,128,16,LI.DAT
2.414331,
8192,128,16,MGRID.DAT
1.490140,
8192,128,16,SWIM.DAT
1.745033,
8192,128,16,VORTEX.DAT
1.786421,
8192,128,16,APPLU.DAT
1.517156,
8192,128,16,CC1.DAT
1.724011,
8192,128,16,HYDRO2D.DAT
1.748585,
8192,128,16,M88KSIM.DAT
1.223375,
8192,128,16,TOMCATV.DAT
1.628467,
8192,128,16,APSI.DAT
1.774251,
8192,128,16,compress95.dat
1.421627,
8192,128,16,FPPPP.DAT
1.509334,
8192,128,16,PERL.DAT
1.717620,
8192,128,16,SU2COR.DAT
1.525281,
8192,128,16,TURB3D.DAT
1.814608,
16384,8,2,IJPEG.DAT
1.149843,
16384,8,2,GO.DAT
0.639344,
16384,8,2,LI.DAT
0.922947,
16384,8,2,MGRID.DAT
0.674820,
16384,8,2,SWIM.DAT
0.943709,
16384,8,2,VORTEX.DAT
1.084826,
16384,8,2,APPLU.DAT
0.700862,
16384,8,2,CC1.DAT
0.959220,
16384,8,2,HYDRO2D.DAT
0.748832,
16384,8,2,M88KSIM.DAT
0.636685,
16384,8,2,TOMCATV.DAT
0.733493,
16384,8,2,APSI.DAT
1.218167,
16384,8,2,compress95.dat
0.748069,
16384,8,2,FPPPP.DAT
0.694513,
16384,8,2,PERL.DAT
0.801435,
16384,8,2,SU2COR.DAT
0.735129,
16384,8,2,TURB3D.DAT
0.822653,
16384,8,4,IJPEG.DAT
1.418102,
16384,8,4,GO.DAT
0.639344,
16384,8,4,LI.DAT
0.937486,
16384,8,4,MGRID.DAT
0.735305,
16384,8,4,SWIM.DAT
0.999172,
16384,8,4,VORTEX.DAT
1.196483,
16384,8,4,APPLU.DAT
0.756819,
16384,8,4,CC1.DAT
0.977971,
16384,8,4,HYDRO2D.DAT
0.769865,
16384,8,4,M88KSIM.DAT
0.696234,
16384,8,4,TOMCATV.DAT
0.927636,
16384,8,4,APSI.DAT
1.218826,
16384,8,4,compress95.dat
0.764880,
16384,8,4,FPPPP.DAT
0.825759,
16384,8,4,PERL.DAT
0.810144,
16384,8,4,SU2COR.DAT
1.070720,
16384,8,4,TURB3D.DAT
0.825578,
16384,8,8,IJPEG.DAT
1.212822,
16384,8,8,GO.DAT
2.918033,
16384,8,8,LI.DAT
1.173270,
16384,8,8,MGRID.DAT
0.756921,
16384,8,8,SWIM.DAT
1.307616,
16384,8,8,VORTEX.DAT
1.326626,
16384,8,8,APPLU.DAT
0.778990,
16384,8,8,CC1.DAT
1.116758,
16384,8,8,HYDRO2D.DAT
0.851784,
16384,8,8,M88KSIM.DAT
0.906881,
16384,8,8,TOMCATV.DAT
1.341546,
16384,8,8,APSI.DAT
1.274828,
16384,8,8,compress95.dat
0.815993,
16384,8,8,FPPPP.DAT
1.478597,
16384,8,8,PERL.DAT
0.936877,
16384,8,8,SU2COR.DAT
1.637310,
16384,8,8,TURB3D.DAT
0.972667,
16384,8,16,IJPEG.DAT
1.345192,
16384,8,16,GO.DAT
5.409836,
16384,8,16,LI.DAT
1.769018,
16384,8,16,MGRID.DAT
1.051005,
16384,8,16,SWIM.DAT
1.552483,
16384,8,16,VORTEX.DAT
1.580286,
16384,8,16,APPLU.DAT
1.117544,
16384,8,16,CC1.DAT
1.655994,
16384,8,16,HYDRO2D.DAT
1.643173,
16384,8,16,M88KSIM.DAT
1.231489,
16384,8,16,TOMCATV.DAT
1.581585,
16384,8,16,APSI.DAT
1.589195,
16384,8,16,compress95.dat
0.935711,
16384,8,16,FPPPP.DAT
1.701490,
16384,8,16,PERL.DAT
1.482059,
16384,8,16,SU2COR.DAT
1.658295,
16384,8,16,TURB3D.DAT
1.597769,
16384,16,2,IJPEG.DAT
1.255940,
16384,16,2,GO.DAT
0.737705,
16384,16,2,LI.DAT
0.957665,
16384,16,2,MGRID.DAT
0.833333,
16384,16,2,SWIM.DAT
1.079801,
16384,16,2,VORTEX.DAT
1.112802,
16384,16,2,APPLU.DAT
0.847440,
16384,16,2,CC1.DAT
0.985986,
16384,16,2,HYDRO2D.DAT
0.853629,
16384,16,2,M88KSIM.DAT
0.745509,
16384,16,2,TOMCATV.DAT
0.860059,
16384,16,2,APSI.DAT
1.243824,
16384,16,2,compress95.dat
0.930941,
16384,16,2,FPPPP.DAT
0.850462,
16384,16,2,PERL.DAT
0.892705,
16384,16,2,SU2COR.DAT
0.870456,
16384,16,2,TURB3D.DAT
0.908767,
16384,16,4,IJPEG.DAT
1.507480,
16384,16,4,GO.DAT
0.737705,
16384,16,4,LI.DAT
0.970581,
16384,16,4,MGRID.DAT
0.898180,
16384,16,4,SWIM.DAT
1.136589,
16384,16,4,VORTEX.DAT
1.238855,
16384,16,4,APPLU.DAT
0.902340,
16384,16,4,CC1.DAT
1.008870,
16384,16,4,HYDRO2D.DAT
0.871833,
16384,16,4,M88KSIM.DAT
0.771227,
16384,16,4,TOMCATV.DAT
1.053358,
16384,16,4,APSI.DAT
1.237835,
16384,16,4,compress95.dat
0.952067,
16384,16,4,FPPPP.DAT
0.944371,
16384,16,4,PERL.DAT
0.902390,
16384,16,4,SU2COR.DAT
1.195638,
16384,16,4,TURB3D.DAT
0.910595,
16384,16,8,IJPEG.DAT
1.311251,
16384,16,8,GO.DAT
2.950820,
16384,16,8,LI.DAT
1.204400,
16384,16,8,MGRID.DAT
0.919416,
16384,16,8,SWIM.DAT
1.415728,
16384,16,8,VORTEX.DAT
1.391002,
16384,16,8,APPLU.DAT
0.923984,
16384,16,8,CC1.DAT
1.161237,
16384,16,8,HYDRO2D.DAT
0.954736,
16384,16,8,M88KSIM.DAT
1.008965,
16384,16,8,TOMCATV.DAT
1.441785,
16384,16,8,APSI.DAT
1.304880,
16384,16,8,compress95.dat
1.001817,
16384,16,8,FPPPP.DAT
1.603998,
16384,16,8,PERL.DAT
1.024246,
16384,16,8,SU2COR.DAT
1.726206,
16384,16,8,TURB3D.DAT
1.058415,
16384,16,16,IJPEG.DAT
1.454683,
16384,16,16,GO.DAT
5.442623,
16384,16,16,LI.DAT
1.829633,
16384,16,16,MGRID.DAT
1.215017,
16384,16,16,SWIM.DAT
1.683940,
16384,16,16,VORTEX.DAT
1.656278,
16384,16,16,APPLU.DAT
1.267288,
16384,16,16,CC1.DAT
1.732809,
16384,16,16,HYDRO2D.DAT
1.731119,
16384,16,16,M88KSIM.DAT
1.310604,
16384,16,16,TOMCATV.DAT
1.698437,
16384,16,16,APSI.DAT
1.544291,
16384,16,16,compress95.dat
1.127896,
16384,16,16,FPPPP.DAT
1.841976,
16384,16,16,PERL.DAT
1.516199,
16384,16,16,SU2COR.DAT
1.781229,
16384,16,16,TURB3D.DAT
1.708383,
16384,32,2,IJPEG.DAT
1.298931,
16384,32,2,GO.DAT
0.770492,
16384,32,2,LI.DAT
0.974621,
16384,32,2,MGRID.DAT
0.913348,
16384,32,2,SWIM.DAT
1.120364,
16384,32,2,VORTEX.DAT
1.120573,
16384,32,2,APPLU.DAT
0.920816,
16384,32,2,CC1.DAT
1.000743,
16384,32,2,HYDRO2D.DAT
0.922017,
16384,32,2,M88KSIM.DAT
0.857998,
16384,32,2,TOMCATV.DAT
0.937210,
16384,32,2,APSI.DAT
1.256625,
16384,32,2,compress95.dat
1.023853,
16384,32,2,FPPPP.DAT
0.930228,
16384,32,2,PERL.DAT
0.938689,
16384,32,2,SU2COR.DAT
0.939689,
16384,32,2,TURB3D.DAT
0.952281,
16384,32,4,IJPEG.DAT
1.527844,
16384,32,4,GO.DAT
0.770492,
16384,32,4,LI.DAT
0.987526,
16384,32,4,MGRID.DAT
0.987107,
16384,32,4,SWIM.DAT
1.207616,
16384,32,4,VORTEX.DAT
1.246708,
16384,32,4,APPLU.DAT
0.976069,
16384,32,4,CC1.DAT
1.029063,
16384,32,4,HYDRO2D.DAT
0.946371,
16384,32,4,M88KSIM.DAT
0.875536,
16384,32,4,TOMCATV.DAT
1.131494,
16384,32,4,APSI.DAT
1.211702,
16384,32,4,compress95.dat
1.047024,
16384,32,4,FPPPP.DAT
1.002074,
16384,32,4,PERL.DAT
0.951090,
16384,32,4,SU2COR.DAT
1.235790,
16384,32,4,TURB3D.DAT
0.953469,
16384,32,8,IJPEG.DAT
1.352986,
16384,32,8,GO.DAT
2.983607,
16384,32,8,LI.DAT
1.311987,
16384,32,8,MGRID.DAT
1.008343,
16384,32,8,SWIM.DAT
1.466225,
16384,32,8,VORTEX.DAT
1.420695,
16384,32,8,APPLU.DAT
0.997712,
16384,32,8,CC1.DAT
1.210847,
16384,32,8,HYDRO2D.DAT
1.012792,
16384,32,8,M88KSIM.DAT
1.122861,
16384,32,8,TOMCATV.DAT
1.501478,
16384,32,8,APSI.DAT
1.367530,
16384,32,8,compress95.dat
1.095411,
16384,32,8,FPPPP.DAT
1.656044,
16384,32,8,PERL.DAT
1.094754,
16384,32,8,SU2COR.DAT
1.769498,
16384,32,8,TURB3D.DAT
1.106500,
16384,32,16,IJPEG.DAT
1.506725,
16384,32,16,GO.DAT
5.475410,
16384,32,16,LI.DAT
1.898330,
16384,32,16,MGRID.DAT
1.305461,
16384,32,16,SWIM.DAT
1.787086,
16384,32,16,VORTEX.DAT
1.699223,
16384,32,16,APPLU.DAT
1.346648,
16384,32,16,CC1.DAT
1.896459,
16384,32,16,HYDRO2D.DAT
1.763961,
16384,32,16,M88KSIM.DAT
1.336387,
16384,32,16,TOMCATV.DAT
1.765310,
16384,32,16,APSI.DAT
1.575716,
16384,32,16,compress95.dat
1.229668,
16384,32,16,FPPPP.DAT
1.903262,
16384,32,16,PERL.DAT
1.560371,
16384,32,16,SU2COR.DAT
1.838235,
16384,32,16,TURB3D.DAT
1.800256,
16384,64,2,IJPEG.DAT
1.308108,
16384,64,2,GO.DAT
0.819672,
16384,64,2,LI.DAT
0.984777,
16384,64,2,MGRID.DAT
0.955063,
16384,64,2,SWIM.DAT
1.151325,
16384,64,2,VORTEX.DAT
1.120900,
16384,64,2,APPLU.DAT
0.958297,
16384,64,2,CC1.DAT
1.008243,
16384,64,2,HYDRO2D.DAT
0.957319,
16384,64,2,M88KSIM.DAT
0.924778,
16384,64,2,TOMCATV.DAT
0.979727,
16384,64,2,APSI.DAT
1.265250,
16384,64,2,compress95.dat
1.069514,
16384,64,2,FPPPP.DAT
0.968320,
16384,64,2,PERL.DAT
0.967254,
16384,64,2,SU2COR.DAT
0.975876,
16384,64,2,TURB3D.DAT
0.974495,
16384,64,4,IJPEG.DAT
1.512508,
16384,64,4,GO.DAT
0.819672,
16384,64,4,LI.DAT
0.997726,
16384,64,4,MGRID.DAT
1.041524,
16384,64,4,SWIM.DAT
1.242384,
16384,64,4,VORTEX.DAT
1.236646,
16384,64,4,APPLU.DAT
1.014957,
16384,64,4,CC1.DAT
1.049552,
16384,64,4,HYDRO2D.DAT
0.988438,
16384,64,4,M88KSIM.DAT
0.964630,
16384,64,4,TOMCATV.DAT
1.174715,
16384,64,4,APSI.DAT
1.184452,
16384,64,4,compress95.dat
1.095865,
16384,64,4,FPPPP.DAT
0.983028,
16384,64,4,PERL.DAT
0.990107,
16384,64,4,SU2COR.DAT
1.284534,
16384,64,4,TURB3D.DAT
0.975501,
16384,64,8,IJPEG.DAT
1.366939,
16384,64,8,GO.DAT
3.016393,
16384,64,8,LI.DAT
1.335832,
16384,64,8,MGRID.DAT
1.062571,
16384,64,8,SWIM.DAT
1.487252,
16384,64,8,VORTEX.DAT
1.422740,
16384,64,8,APPLU.DAT
1.037304,
16384,64,8,CC1.DAT
1.231779,
16384,64,8,HYDRO2D.DAT
1.040098,
16384,64,8,M88KSIM.DAT
1.191212,
16384,64,8,TOMCATV.DAT
1.522315,
16384,64,8,APSI.DAT
1.370332,
16384,64,8,compress95.dat
1.145616,
16384,64,8,FPPPP.DAT
1.670375,
16384,64,8,PERL.DAT
1.146032,
16384,64,8,SU2COR.DAT
1.797422,
16384,64,8,TURB3D.DAT
1.127160,
16384,64,16,IJPEG.DAT
1.544437,
16384,64,16,GO.DAT
5.508197,
16384,64,16,LI.DAT
1.985991,
16384,64,16,MGRID.DAT
1.359689,
16384,64,16,SWIM.DAT
1.819205,
16384,64,16,VORTEX.DAT
1.669857,
16384,64,16,APPLU.DAT
1.390815,
16384,64,16,CC1.DAT
1.895850,
16384,64,16,HYDRO2D.DAT
1.775400,
16384,64,16,M88KSIM.DAT
1.362857,
16384,64,16,TOMCATV.DAT
1.803182,
16384,64,16,APSI.DAT
1.552056,
16384,64,16,compress95.dat
1.289414,
16384,64,16,FPPPP.DAT
1.934000,
16384,64,16,PERL.DAT
1.515502,
16384,64,16,SU2COR.DAT
1.871117,
16384,64,16,TURB3D.DAT
1.913246,
16384,128,2,IJPEG.DAT
1.297926,
16384,128,2,GO.DAT
0.852459,
16384,128,2,LI.DAT
0.988210,
16384,128,2,MGRID.DAT
0.976299,
16384,128,2,SWIM.DAT
1.087914,
16384,128,2,VORTEX.DAT
1.109612,
16384,128,2,APPLU.DAT
0.977125,
16384,128,2,CC1.DAT
1.012599,
16384,128,2,HYDRO2D.DAT
0.975031,
16384,128,2,M88KSIM.DAT
0.961424,
16384,128,2,TOMCATV.DAT
1.001971,
16384,128,2,APSI.DAT
1.268052,
16384,128,2,compress95.dat
1.093140,
16384,128,2,FPPPP.DAT
0.994343,
16384,128,2,PERL.DAT
0.987598,
16384,128,2,SU2COR.DAT
1.000991,
16384,128,2,TURB3D.DAT
0.985830,
16384,128,4,IJPEG.DAT
1.487744,
16384,128,4,GO.DAT
0.852459,
16384,128,4,LI.DAT
1.001711,
16384,128,4,MGRID.DAT
1.070535,
16384,128,4,SWIM.DAT
1.125331,
16384,128,4,VORTEX.DAT
1.210552,
16384,128,4,APPLU.DAT
1.042935,
16384,128,4,CC1.DAT
1.040337,
16384,128,4,HYDRO2D.DAT
1.012177,
16384,128,4,M88KSIM.DAT
1.001996,
16384,128,4,TOMCATV.DAT
1.203294,
16384,128,4,APSI.DAT
1.063804,
16384,128,4,compress95.dat
1.126988,
16384,128,4,FPPPP.DAT
1.004337,
16384,128,4,PERL.DAT
1.015885,
16384,128,4,SU2COR.DAT
1.282386,
16384,128,4,TURB3D.DAT
0.986745,
16384,128,8,IJPEG.DAT
1.358894,
16384,128,8,GO.DAT
3.049180,
16384,128,8,LI.DAT
1.240145,
16384,128,8,MGRID.DAT
1.085893,
16384,128,8,SWIM.DAT
1.353477,
16384,128,8,VORTEX.DAT
1.400409,
16384,128,8,APPLU.DAT
1.070209,
16384,128,8,CC1.DAT
1.251775,
16384,128,8,HYDRO2D.DAT
1.050184,
16384,128,8,M88KSIM.DAT
1.203514,
16384,128,8,TOMCATV.DAT
1.522878,
16384,128,8,APSI.DAT
1.371651,
16384,128,8,compress95.dat
1.176511,
16384,128,8,FPPPP.DAT
1.666227,
16384,128,8,PERL.DAT
1.178221,
16384,128,8,SU2COR.DAT
1.807667,
16384,128,8,TURB3D.DAT
1.078801,
16384,128,16,IJPEG.DAT
1.558642,
16384,128,16,GO.DAT
5.540984,
16384,128,16,LI.DAT
1.894212,
16384,128,16,MGRID.DAT
1.395336,
16384,128,16,SWIM.DAT
1.912583,
16384,128,16,VORTEX.DAT
1.655051,
16384,128,16,APPLU.DAT
1.436037,
16384,128,16,CC1.DAT
2.174647,
16384,128,16,HYDRO2D.DAT
1.780566,
16384,128,16,M88KSIM.DAT
1.375618,
16384,128,16,TOMCATV.DAT
1.817260,
16384,128,16,APSI.DAT
1.668584,
16384,128,16,compress95.dat
1.319855,
16384,128,16,FPPPP.DAT
1.951914,
16384,128,16,PERL.DAT
1.529645,
16384,128,16,SU2COR.DAT
1.865829,
16384,128,16,TURB3D.DAT
2.013895,
